wandb_id,run name,loss variation,w_comp,w_diss,w_pen,best valid MSE,best position MSE,best angular MSE,best penetration
ie0000_teu4ksa3,ie0000,1,0.01,0.01,0.01,16422.332805217964,0.09265559502072186,1.2587095947955027,0.00033510371712462445
ie0001_rb0gvffl,ie0001,2,0.01,0.01,0.01,16619.642776714216,0.10767842601680616,1.483142350508113,0.0
ie0002_xgnek0yq,ie0002,3,0.01,0.01,0.01,16349.671166056756,0.054385110707907955,1.5287850169143282,0.001630446512605346
ie0003_kjzlzcvu,ie0003,1,0.01,0.01,0.1,16897.55652721344,0.06711396447515326,1.1651342821853359,0.0014149081939017264
ie0004_zt2evgcm,ie0004,2,0.01,0.01,0.1,16734.358835617866,0.08080955251186406,1.4071493626754172,0.011189302296393932
ie0005_uspt2rys,ie0005,3,0.01,0.01,0.1,17588.773499566367,0.10419329793876209,1.2075920556661939,0.0021907834544731214
ie0006_485zu0wv,ie0006,1,0.01,0.01,1.0,15724.185821286144,0.054051512662593185,1.3820621443086014,0.0008271398843994993
ie0007_66e0g7ku,ie0007,2,0.01,0.01,1.0,16343.651525558593,0.10272958119795929,1.5338387995094702,0.0018948260879757442
ie0008_6yl1wxfb,ie0008,3,0.01,0.01,1.0,17278.09528342317,0.08696931526200735,1.401360488061322,0.01105795557426247
ie0009_bozyjd98,ie0009,1,0.01,0.01,10.0,18244.51510337,0.05312913509136345,1.2944653959185015,0.0004512750308635082
ie0010_2sc5mkpl,ie0010,2,0.01,0.01,10.0,14571.930717067415,0.12324506037896782,1.4381188304874644,0.00024913853221931667
ie0011_svhaec9u,ie0011,3,0.01,0.01,10.0,17187.206355776245,0.09079046987058081,1.4962870412354579,0.011173766475681478
ie0012_ockn44xq,ie0012,1,0.01,0.01,100.0,9167.688818213806,0.0509109245297104,0.8150804187319348,0.003951300329924282
ie0013_8w5nz1cu,ie0013,2,0.01,0.01,100.0,18050.243719134385,0.09753932294339804,1.4554593598056176,0.02047215133416459
ie0014_tnuc4zxu,ie0014,3,0.01,0.01,100.0,14593.684895504553,0.07061269595989123,1.3819419386770715,0.0006496551569669885
ie0015_oftbyxto,ie0015,1,0.01,0.1,0.01,16436.35517823832,0.050492568637295586,1.3970241814276836,0.0018713761544056997
ie0016_gqhihuwr,ie0016,2,0.01,0.1,0.01,17010.193636586846,0.08775585221557154,1.4978136229845198,0.0110780735046766
ie0017_75b2lmlv,ie0017,3,0.01,0.1,0.01,27145.504170511576,0.08550873631613079,1.471717746705267,0.0037952373511708644
ie0018_gpeyv0dc,ie0018,1,0.01,0.1,0.1,19226.223634701746,0.05887186994997441,1.6573614110284827,0.0015623669979182284
ie0019_wbo9rdwn,ie0019,2,0.01,0.1,0.1,17340.62736370003,0.08374642624123144,1.4420945452718237,0.011092488271185358
ie0020_1hlrga8e,ie0020,3,0.01,0.1,0.1,20003.304479018916,0.054433185090773564,1.3681922698890763,0.0041082314876767275
ie0021_y5bc6abf,ie0021,1,0.01,0.1,1.0,12172.543276120243,0.06650109468070478,1.4443125961727667,0.0009574204983542839
ie0022_hdwyqdyu,ie0022,2,0.01,0.1,1.0,16127.202855285486,0.10487423692494711,1.6168327496498807,0.0008694944256917531
ie0023_sihhbweq,ie0023,3,0.01,0.1,1.0,18223.596987385474,0.11580283500898822,1.5922741829302323,0.0075638240705744614
ie0024_4or3nm1h,ie0024,1,0.01,0.1,10.0,30100.924601827595,0.09523458792981657,2.1185561693875057,0.0007854868583143425
ie0025_vhms4tei,ie0025,2,0.01,0.1,10.0,15756.181909549348,0.11485277235255728,1.4771047746796364,0.0006413569861828119
ie0026_68qswp5h,ie0026,3,0.01,0.1,10.0,23270.700682032184,0.10332624861451459,1.6567668949421592,0.010313064767391803
ie0027_b8ki930p,ie0027,1,0.01,0.1,100.0,10765.186288237684,0.08317549733807852,1.0556807709366496,0.0024839439856202492
ie0028_ndcf80n4,ie0028,2,0.01,0.1,100.0,16445.429358176352,0.10092504601723233,1.5711133374464585,0.014640475057868245
ie0029_83a4mwwn,ie0029,3,0.01,0.1,100.0,17600.75355290738,0.0776596382606409,1.549212898427381,0.0015400311992966502
ie0030_imn26jou,ie0030,1,0.01,1.0,0.01,16672.5918190342,0.07933998586382426,1.3957202229241565,0.002564507523721833
ie0031_5wnyrhbu,ie0031,2,0.01,1.0,0.01,18653.814809917752,0.09737409351546655,1.5599464271021024,0.022661585597371733
ie0032_45k4yb0f,ie0032,3,0.01,1.0,0.01,18702.78822276959,0.07550139062053572,1.3534876240606668,0
ie0033_0yb0yf9h,ie0033,1,0.01,1.0,0.1,13019.86673642581,0.050681792228456,1.6137747782761251,0.0007180582051932104
ie0034_ix7x8sgc,ie0034,2,0.01,1.0,0.1,16228.138801227266,0.10312977232495006,1.4959121745280848,0.022439440154613785
ie0035_p17f6n4y,ie0035,3,0.01,1.0,0.1,20371.06644837384,0.08454268042767424,1.6348954677133578,0.010010353340887134
ie0036_38eu66b4,ie0036,1,0.01,1.0,1.0,11464.576357274394,0.052922478940174475,0.9599877475255093,0.0012923342701191612
ie0037_dcqdb1z4,ie0037,2,0.01,1.0,1.0,16675.125000029097,0.08625312307480763,1.4218667533015048,0.011250253636691963
ie0038_qxq1gyt5,ie0038,3,0.01,1.0,1.0,16831.518659897083,0.07327402657432408,1.3896832841022309,0.011132865307788127
ie0039_sxfn4pde,ie0039,1,0.01,1.0,10.0,11546.171870357603,0.05292837883021341,0.9129854663084942,0.0003190602239342414
ie0040_hq1fz3sg,ie0040,2,0.01,1.0,10.0,16641.159495916087,0.1016306125823116,1.4127592647156635,0.018733743850187404
ie0041_ge3bq66b,ie0041,3,0.01,1.0,10.0,18193.326040984397,0.06802825067813498,1.489177868573266,0.0018210303948317142
ie0042_xm0ycc0q,ie0042,1,0.01,1.0,100.0,18487.092698982167,0.05103547953788092,1.8665192998046358,0.0033229589288273596
ie0043_cwdtnxft,ie0043,2,0.01,1.0,100.0,19351.680961349914,0.09810574800897018,1.6286555052828546,0.015397094155919236
ie0044_0w9d4ea3,ie0044,3,0.01,1.0,100.0,19303.347860933965,0.08325281628358447,1.5320184145295985,0.011205700286422796
ie0045_rb1v38wf,ie0045,1,0.01,10.0,0.01,18898.57393443433,0.08312903415823006,1.6257422683179825,0.002041411187877167
ie0046_0e7oms4p,ie0046,2,0.01,10.0,0.01,17510.634832608266,0.09027957808000847,1.4662947195207097,0.02449638321009684
ie0047_4kszp9rd,ie0047,3,0.01,10.0,0.01,15812.890910336768,0.08253282426495676,1.1514543788834999,0
ie0048_9q26u3lz,ie0048,1,0.01,10.0,0.1,13172.02604767472,0.09048988145594929,0.9277306995070413,0.0007536069404507472
ie0049_01rm6kgm,ie0049,2,0.01,10.0,0.1,16528.586123284927,0.0770900248585353,1.6009428702638355,0.021342496787312173
ie0050_l8x6cypz,ie0050,3,0.01,10.0,0.1,23237.171204511527,0.12205698256598488,1.780077422728115,0.0008403836939446939
ie0051_qlc41kge,ie0051,1,0.01,10.0,1.0,16771.295917917094,0.1052823336138297,1.3611217293333575,0.0005893814076391518
ie0052_btak37r0,ie0052,2,0.01,10.0,1.0,18337.450127284017,0.0753669107760356,1.7139800728499917,0.017370952562803153
ie0053_jv47mjtm,ie0053,3,0.01,10.0,1.0,13010.022537919083,0.07506652154149704,1.1671512204244614,7.416212306348316e-05
ie0054_4zcayubj,ie0054,1,0.01,10.0,10.0,12385.819422720288,0.08536636742384571,1.019281808548913,0.009047705058686881
ie0055_zfvexjp0,ie0055,2,0.01,10.0,10.0,17824.180902725595,0.07621465994992538,1.4408764485859733,0.02189278273107264
ie0056_iig2dgw1,ie0056,3,0.01,10.0,10.0,17199.28226310578,0.08163774283870412,1.4897902509608643,0.011083727701059604
ie0057_3c1mqgxk,ie0057,1,0.01,10.0,100.0,14436.12404586047,0.07884068744692978,1.3746365841161035,0.0038864075294206754
ie0058_r1k59xe4,ie0058,2,0.01,10.0,100.0,17242.61224228828,0.09209007534975797,1.639779338157249,0.021610249326843058
ie0059_ims8abvy,ie0059,3,0.01,10.0,100.0,15994.224253918866,0.0863858414801171,1.3767510759091932,0.011084835709614554
ie0060_jxrpnuee,ie0060,1,0.01,100.0,0.01,8674.297400146846,0.08426166552447596,0.8466317537918376,0.010308180587465736
ie0061_oe43rwfe,ie0061,2,0.01,100.0,0.01,17997.065126319998,0.09181316521213059,1.4789308963056262,0.011088147338567587
ie0062_zpbxk9nf,ie0062,3,0.01,100.0,0.01,23753.629737150473,0.12416269136032346,1.7033071499405068,0.0
ie0063_ap68hcjv,ie0063,1,0.01,100.0,0.1,12000.457248551098,0.07080835385981195,1.1459185643025338,0.010590733338097371
ie0064_yw8o8hiu,ie0064,2,0.01,100.0,0.1,17007.96999538926,0.08071796855948575,1.4466994849856811,0.011242452363860993
ie0065_8sjx095l,ie0065,3,0.01,100.0,0.1,17199.878560273843,0.08672064778081232,1.4522107430316502,0.011241822834438493
ie0066_hawp4crx,ie0066,1,0.01,100.0,1.0,16494.1545760509,0.07256502722658076,1.544908629497661,0.009997803098744137
ie0067_pkj4yfyk,ie0067,2,0.01,100.0,1.0,16809.742636602357,0.1470614375455036,1.5879856389120213,0.001555784500897633
ie0068_j5ekp40u,ie0068,3,0.01,100.0,1.0,16643.395474825666,0.08932352734574328,1.4904384398984334,0.010899015217070863
ie0069_bi9f32u0,ie0069,1,0.01,100.0,10.0,16518.72682444893,0.09717282297945146,1.282730643750218,0.010537345954089814
ie0070_3jcr8cnb,ie0070,2,0.01,100.0,10.0,18033.0748918379,0.08522518812768905,1.492323577168974,0.011127663472996145
ie0071_nbxizhwa,ie0071,3,0.01,100.0,10.0,16685.540367544054,0.13219903538933264,1.4618282317106477,0.005439195044867808
ie0072_wjmlan25,ie0072,1,0.01,100.0,100.0,20188.016177968962,0.09834316457518023,1.4866293395312202,0.010386867372131025
ie0073_jhi4m9k6,ie0073,2,0.01,100.0,100.0,16874.15246562301,0.13367608302224232,1.6348562250069514,0.0015972954161726336
ie0074_ns4btgrk,ie0074,3,0.01,100.0,100.0,19130.605317617898,0.11537430099886231,1.5893864443547092,0.016853719678845597
ie0075_ww3nkyqr,ie0075,1,0.1,0.01,0.01,11439.769994171462,0.08988853576666561,1.1540961081780854,0
ie0076_vtclw21t,ie0076,2,0.1,0.01,0.01,17526.983972670056,0.10259897014434552,1.5579723873727538,0.015531172190408043
ie0077_lvshp6w2,ie0077,3,0.1,0.01,0.01,11169.098654219399,0.07517686975232189,1.1430073570139148,0.0002576475707187513
ie0078_1vg3iimv,ie0078,1,0.1,0.01,0.1,12337.651412794285,0.05638814825658296,1.3875110926371899,0
ie0079_nm7rga57,ie0079,2,0.1,0.01,0.1,16289.933754078103,0.12373399578529543,1.638792096133156,0.0013691731072599856
ie0080_kl0adts7,ie0080,3,0.1,0.01,0.1,16593.565248057166,0.08514461487654676,1.4287542884049225,0.010939912074473238
ie0081_0oso2yyy,ie0081,1,0.1,0.01,1.0,14566.371025874887,0.036123991104002794,1.5821708584250047,0
ie0082_qnc4vfi3,ie0082,2,0.1,0.01,1.0,17043.664726978808,0.08501473312448582,1.5174123043205334,0.017345523128895625
ie0083_sjy9ycve,ie0083,3,0.1,0.01,1.0,17572.258110786133,0.08813962631520512,1.502157908178968,0.011245358427359006
ie0084_wboyaib7,ie0084,1,0.1,0.01,10.0,12161.48263753587,0.043791285695241926,1.0043400177666038,0
ie0085_u09x8r65,ie0085,2,0.1,0.01,10.0,17014.169410048176,0.08720106176517606,1.5077448694759341,0.011255436243854942
ie0086_xww8pm1m,ie0086,3,0.1,0.01,10.0,21397.418555628934,0.08049016679292612,1.7528003167850814,0.000754671525224778
ie0087_yppd44zo,ie0087,1,0.1,0.01,100.0,9683.356425982645,0.048338336979374036,1.3277340888491862,0.00011863256617587173
ie0088_0d6hhbwp,ie0088,2,0.1,0.01,100.0,16725.33543768114,0.10617557355683525,1.5545674873047384,0.016039362263965413
ie0089_av0myo79,ie0089,3,0.1,0.01,100.0,16667.7903467266,0.07391401169048127,1.5382554183189467,0.0001762107271299791
ie0090_iqgl49js,ie0090,1,0.1,0.1,0.01,16473.573776556645,0.040105475244679833,1.2165133330463236,0
ie0091_mjw5z94a,ie0091,2,0.1,0.1,0.01,16107.069517220902,0.11490270765434418,1.5853322719372143,0.001720833208488919
ie0092_db46r21u,ie0092,3,0.1,0.1,0.01,14268.157456075549,0.052561915054779376,1.2066159554700597,0.00022566122172622505
ie0093_3v9171l1,ie0093,1,0.1,0.1,0.1,16273.573481882102,0.06192998777166696,1.6539037757707793,0
ie0094_bs3043dw,ie0094,2,0.1,0.1,0.1,16861.187981233612,0.08070742466578604,1.4394335500445783,0.011155799585311689
ie0095_ydhq3qs6,ie0095,3,0.1,0.1,0.1,15403.22038572174,0.0705314374723319,1.5199999737439178,0
ie0096_cjt0dfts,ie0096,1,0.1,0.1,1.0,17988.400777908282,0.06267574825222713,1.091298359839169,0
ie0097_fcznrpqg,ie0097,2,0.1,0.1,1.0,16614.666497689886,0.10552508261809136,1.4814561569766123,0.00888220273706163
ie0098_fsinsttg,ie0098,3,0.1,0.1,1.0,17341.11473573612,0.08242771361064198,1.5432371110282603,0.01091858973811807
ie0099_y3x069a7,ie0099,1,0.1,0.1,10.0,18383.38823815205,0.08871889696068436,1.4465649376748488,0
ie0100_6aw9ijiv,ie0100,2,0.1,0.1,10.0,18453.949559962664,0.11219156801312768,1.7969885287298788,0.002096134610466329
ie0101_m8hvzxi2,ie0101,3,0.1,0.1,10.0,18558.55472206481,0.07496357859294844,1.5350744455588332,0.0009046732990001658
ie0102_bnhivw4e,ie0102,1,0.1,0.1,100.0,16121.322694315018,0.06942053011845273,1.1087304526749235,6.883607277112916e-05
ie0103_8cwzaodw,ie0103,2,0.1,0.1,100.0,16616.18468492703,0.10441010088630273,1.480473073040458,0.020159151915740726
ie0104_i3qzvor8,ie0104,3,0.1,0.1,100.0,19077.436792913988,0.07763295446488414,1.618526602189063,7.802344746664456e-05
ie0105_q14j1jqr,ie0105,1,0.1,1.0,0.01,17679.733939001075,0.11102865276064713,1.751244344631046,0
ie0106_40tnzqrh,ie0106,2,0.1,1.0,0.01,15931.648888450327,0.08784488620616249,1.5377300641972895,0.016588163268011442
ie0107_fvgw94uh,ie0107,3,0.1,1.0,0.01,14143.608132715855,0.0609197234007959,1.4048503345409364,0.00047715759202365555
ie0108_1nqng8jc,ie0108,1,0.1,1.0,0.1,12961.647688602063,0.045674263364289695,1.1624063291436162,0
ie0109_yfyj7mpl,ie0109,2,0.1,1.0,0.1,16106.125794655913,0.10041132541666654,1.4546908225874466,0.020636350791377052
ie0110_m3fqfv0s,ie0110,3,0.1,1.0,0.1,18568.156795892697,0.0682371772550816,1.4407126470725171,0.00016962385215377385
ie0111_9ljmn797,ie0111,1,0.1,1.0,1.0,9297.520313469671,0.039231147505740666,1.1157813609627838,0
ie0112_tcv9c7vs,ie0112,2,0.1,1.0,1.0,21267.191145166176,0.07409793987235,1.7656579116557685,0.02192061416023635
ie0113_f2r6yrki,ie0113,3,0.1,1.0,1.0,16589.44766212593,0.09070984473952255,1.4491637953650192,0.011130934973267526
ie0114_epn78rxi,ie0114,1,0.1,1.0,10.0,11718.349057117885,0.05031884550888771,1.2072955107949763,0
ie0115_8wpwxja2,ie0115,2,0.1,1.0,10.0,17528.326279328772,0.07814556700073305,1.4295629387891335,0.011318357302806203
ie0116_5zczujqu,ie0116,3,0.1,1.0,10.0,16770.701468002866,0.06659894255491983,1.4584701287178672,0.000333274101618428
ie0117_ldqhv6hr,ie0117,1,0.1,1.0,100.0,13315.58937391614,0.03469748999544612,0.8626093415725297,8.486232165456746e-05
ie0118_ffih6m3i,ie0118,2,0.1,1.0,100.0,16993.70551253239,0.0822947152505095,1.526395188926127,0.01665383732280038
ie0119_k46y8p23,ie0119,3,0.1,1.0,100.0,16721.815369637992,0.0803766702278306,1.4391699090491321,0.011263370577748302
ie0120_7182broq,ie0120,1,0.1,10.0,0.01,18835.736117982833,0.08505624130664069,1.2239372063415332,0
ie0121_rltxwipx,ie0121,2,0.1,10.0,0.01,16592.37952551339,0.08598746843164079,1.499914362124017,0.010977239885215697
ie0122_vl6du7jw,ie0122,3,0.1,10.0,0.01,22232.856161561675,0.13384623968854187,1.6525837722094612,0.004828306659232685
ie0123_lfjhzk1o,ie0123,1,0.1,10.0,0.1,11414.75177084086,0.08124890824720758,1.4013241947680641,0
ie0124_sckfwhk3,ie0124,2,0.1,10.0,0.1,17233.066879608465,0.07497654905523098,1.561636057079327,0.021810746080594634
ie0125_pi7w7sh1,ie0125,3,0.1,10.0,0.1,17031.934852237606,0.08831428023636384,1.4793627294929073,0.011117598197215778
ie0126_ghvt9kqm,ie0126,1,0.1,10.0,1.0,11946.47549450726,0.05950530558755425,1.3588010435756306,0
ie0127_w3njbnkp,ie0127,2,0.1,10.0,1.0,16825.87487094148,0.08285472197144683,1.4907393808852143,0.010996194914308388
ie0128_wba2nrma,ie0128,3,0.1,10.0,1.0,11835.682700857458,0.06003041227458804,1.1415321639089153,0
ie0129_ntk8gumz,ie0129,1,0.1,10.0,10.0,15027.631063008152,0.05664245489775928,1.10015869875597,0
ie0130_gom3pjnt,ie0130,2,0.1,10.0,10.0,17169.585212058526,0.08232049745383523,1.547427694058117,0.016187479518660505
ie0131_0qlgj182,ie0131,3,0.1,10.0,10.0,12082.608496586869,0.13183512424671934,0.7990429742334999,0
ie0132_a2l6upd0,ie0132,1,0.1,10.0,100.0,11857.845322299809,0.07438317147630111,1.0925027254288548,0.00048326009881266216
ie0133_2fxc2cm9,ie0133,2,0.1,10.0,100.0,20278.25336909797,0.08695062897278416,1.514908934651608,0.0265006740975018
ie0134_h5800s2x,ie0134,3,0.1,10.0,100.0,18347.935987048,0.11858112705290871,1.610495587513293,2.7371443181755562e-05
ie0135_i4di1uea,ie0135,1,0.1,100.0,0.01,18703.79850572233,0.06801316240774938,0.8858836561044201,0.011393990631331187
ie0136_a2cmg8l6,ie0136,2,0.1,100.0,0.01,18470.26857269618,0.08182424255911948,1.4738899715207563,0.011084939596710261
ie0137_lc2ruuj7,ie0137,3,0.1,100.0,0.01,16670.339052470583,0.08364301482208296,1.3274052455464125,0.010980897795296112
ie0138_oguyayce,ie0138,1,0.1,100.0,0.1,14135.03095822534,0.057715999604539193,1.6192723130353208,0
ie0139_tb1r2ekj,ie0139,2,0.1,100.0,0.1,18075.464180102223,0.13413074092082006,1.7125433663591507,0.014385261667335005
ie0140_prexhhuw,ie0140,3,0.1,100.0,0.1,16806.12041693136,0.12468384226216302,1.650079380693789,7.409019510181429e-05
ie0141_7vn3ao6v,ie0141,1,0.1,100.0,1.0,22541.51794077966,0.10604576255788896,2.0139406177669574,0.011624248204281661
ie0142_bk3359qj,ie0142,2,0.1,100.0,1.0,18400.98824956487,0.13167083998580836,1.6745971762413532,0.019718512172584468
ie0143_4fhwnvjg,ie0143,3,0.1,100.0,1.0,17376.521026359504,0.08463361340344097,1.4478963321107008,0.011146281401673314
ie0144_14ougd1n,ie0144,1,0.1,100.0,10.0,18012.362291040277,0.08655868720220677,1.3144301991692071,0.009831942844990588
ie0145_93ovs0xx,ie0145,2,0.1,100.0,10.0,16504.55951656327,0.15273358868272158,1.574015235547692,0.0013913396782698553
ie0146_3smwsg16,ie0146,3,0.1,100.0,10.0,22943.873280566324,0.12770083325928802,1.707855312631394,0.008170473382198142
ie0147_wyqb8x7x,ie0147,1,0.1,100.0,100.0,17078.262700204905,0.06198557026651054,0.8653814612924318,0.011308158433495653
ie0148_x7ijcrlb,ie0148,2,0.1,100.0,100.0,18572.18224437432,0.08577354492512654,1.4881347828292113,0.011156426897962268
ie0149_pg893z5c,ie0149,3,0.1,100.0,100.0,17887.474272267187,0.12871838480119885,1.498633358734614,6.94971574091138e-05
ie0150_k11t5p09,ie0150,1,1.0,0.01,0.01,12398.520750699761,0.06980697854905595,1.4245450004467552,0
ie0151_mtzel7sm,ie0151,2,1.0,0.01,0.01,17878.48419705582,0.09463004591750938,1.5759553108321813,0.023301423714575192
ie0152_rlfukqmo,ie0152,3,1.0,0.01,0.01,17815.428880520223,0.08710666406547998,1.4992314473297363,0.01109155029321366
ie0153_i9m0ek0t,ie0153,1,1.0,0.01,0.1,11796.288781480527,0.05801562112419125,1.1790610529718832,0
ie0154_920r0nv7,ie0154,2,1.0,0.01,0.1,16756.46313213465,0.08581575737845862,1.4631963035679583,0.011162062581263003
ie0155_n0xrae4b,ie0155,3,1.0,0.01,0.1,18613.513931019934,0.0709495304086156,1.5891497134403174,9.092737835837072e-06
ie0156_onjj9u6n,ie0156,1,1.0,0.01,1.0,15325.68699544868,0.04672864244283314,1.2941994271130182,0
ie0157_4e2ysaek,ie0157,2,1.0,0.01,1.0,17795.77154717524,0.08624493764085478,1.5626894930256578,0.019982644347827663
ie0158_zyeduem7,ie0158,3,1.0,0.01,1.0,16177.581499436903,0.08367407839102416,1.543962636572319,0.011128700229998631
ie0159_6yeuto6a,ie0159,1,1.0,0.01,10.0,7986.169717296073,0.06628350782047603,1.078063473714567,0
ie0160_4mjfjuqs,ie0160,2,1.0,0.01,10.0,15803.808815778659,0.10122865824178998,1.496024282001489,0.0029128798101956343
ie0161_g7rn15ys,ie0161,3,1.0,0.01,10.0,18132.01734166335,0.08698105593003023,1.5301770091997495,0.011052883667416972
ie0162_ttxe9hsr,ie0162,1,1.0,0.01,100.0,19482.45403751767,0.043262350091208095,1.1491735813975255,0
ie0163_uffm6iag,ie0163,2,1.0,0.01,100.0,16377.82817325318,0.08605099529023898,1.4030242358409923,0.011202952057684363
ie0164_k9xbm1kx,ie0164,3,1.0,0.01,100.0,17436.382526731493,0.08667277957739936,1.5168217272606503,0.010953618441201704
ie0165_zwd7z82b,ie0165,1,1.0,0.1,0.01,9425.891018136457,0.053094343760250386,1.0703939682111998,0
ie0166_z1i1h583,ie0166,2,1.0,0.1,0.01,19717.782662858197,0.08460271695603439,1.6070672894686393,0.018089648470346886
ie0167_crh6338n,ie0167,3,1.0,0.1,0.01,17649.41834770191,0.08635162212030859,1.4805169499291484,0.011086240463733306
ie0168_djq76r8s,ie0168,1,1.0,0.1,0.1,5824.093314020691,0.04266690337353396,0.9134117084878713,0
ie0169_guz8l652,ie0169,2,1.0,0.1,0.1,18444.92488408227,0.07463419622697158,1.6541149729235975,0.023651115516938378
ie0170_6am3i5w5,ie0170,3,1.0,0.1,0.1,28347.975878121626,0.07908922352199294,1.8643704825386371,0.0007466093496992654
ie0171_cwxgmauq,ie0171,1,1.0,0.1,1.0,5779.835027693103,0.05167963885176571,0.8946454034598723,0
ie0172_b9gzq2kz,ie0172,2,1.0,0.1,1.0,15828.806631424743,0.0932325013363039,1.4289885137634848,0.011227771223703293
ie0173_q0m27swc,ie0173,3,1.0,0.1,1.0,38263.32397572091,0.08643581386210769,1.7728956296470404,2.031911550669202e-06
ie0174_sxqc4cc8,ie0174,1,1.0,0.1,10.0,9677.36432669108,0.05022970214532089,0.9290815328325897,0
ie0175_veue3ylp,ie0175,2,1.0,0.1,10.0,17340.222092418728,0.10982953609940871,1.6276376295637927,0.008749321371302
ie0176_difdyfct,ie0176,3,1.0,0.1,10.0,18467.111780484236,0.06449458081387355,1.5934863020679502,1.39243701420515e-05
ie0177_l0q6zzx7,ie0177,1,1.0,0.1,100.0,8086.168850811651,0.04874776631247958,0.8466298236699634,0
ie0178_lywf37m0,ie0178,2,1.0,0.1,100.0,16787.34815312635,0.097865753861959,1.5441582260948263,0.0002156865808139902
ie0179_b9z04mhx,ie0179,3,1.0,0.1,100.0,17236.97359277105,0.08471082902995908,1.4882550108577954,0.011159287080240513
ie0180_uizrcs8w,ie0180,1,1.0,1.0,0.01,15106.001424241113,0.07711177901809943,1.1021392085283606,0
ie0181_77g30n4w,ie0181,2,1.0,1.0,0.01,15074.824542544866,0.08395404434563616,1.4430155200832293,0.0005640525755874861
ie0182_pajgky69,ie0182,3,1.0,1.0,0.01,18463.216911720556,0.05491049704783777,1.264092481819277,0
ie0183_6n58qqwn,ie0183,1,1.0,1.0,0.1,12488.529899903098,0.04330959127116838,0.6767856736169314,0
ie0184_8her2vew,ie0184,2,1.0,1.0,0.1,17487.032762093182,0.0872976425882514,1.4944402720404621,0.011152379375205109
ie0185_7mhf4umu,ie0185,3,1.0,1.0,0.1,15763.77649011815,0.06558781687775897,1.5291952063397924,0
ie0186_4t2rhpyi,ie0186,1,1.0,1.0,10.0,17729.371602552295,0.09535905771859875,1.8623151114158731,0
ie0187_rhoi5f6t,ie0187,2,1.0,1.0,10.0,16631.215552168534,0.09698451680179249,1.5828808523426816,0.009705051904905834
ie0188_tctpqk4o,ie0188,3,1.0,1.0,10.0,17375.025402276646,0.08148286986343672,1.460074035018757,0.011130686529569337
ie0189_7fuuw9rp,ie0189,1,1.0,1.0,100.0,14838.40645594417,0.060039953966920134,1.1955988299613787,0
ie0190_oo1x9qaf,ie0190,2,1.0,1.0,100.0,15236.20240583779,0.10162897530835653,1.4322129217647905,0.0007073058592056267
ie0191_qpvsbnm1,ie0191,3,1.0,1.0,100.0,18634.067808585536,0.05907347706494679,1.3597688453488999,0
ie0192_vax6st5g,ie0192,1,1.0,10.0,0.01,15708.433551210803,0.10215339767730566,1.4837786511484494,0
ie0193_ch053df2,ie0193,2,1.0,10.0,0.01,16790.773505712168,0.08689277102976911,1.469776393749302,0.010983356495811624
ie0194_frx1a0wa,ie0194,3,1.0,10.0,0.01,9795.013491290098,0.06886406754260825,0.8716782109388881,0
ie0195_dlwb3cb5,ie0195,1,1.0,10.0,0.1,15160.351415200223,0.04792304492940669,1.1307435652453284,0
ie0196_zs8vy4nv,ie0196,2,1.0,10.0,0.1,17925.68764303847,0.0867753686358098,1.646400504053897,0.016930137200852725
ie0197_80gjk2m4,ie0197,3,1.0,10.0,0.1,11620.707237305744,0.07556404514075228,1.3662568730020523,0
ie0198_2pcvymn1,ie0198,1,1.0,10.0,1.0,14437.628750937103,0.08722374386731191,1.539513666915018,0
ie0199_ehvb1vx3,ie0199,2,1.0,10.0,1.0,17553.751320647403,0.08078276728682768,1.531035754456206,0.011156706774133827
ie0200_b3paz7ay,ie0200,3,1.0,10.0,1.0,15882.557160420081,0.10441777857715476,1.1931746040802307,0
ie0201_vs5uhzu1,ie0201,1,1.0,10.0,10.0,12656.661314692747,0.06543627641372625,1.4031818072719928,0
ie0202_q30orz2w,ie0202,2,1.0,10.0,10.0,17389.665095866956,0.07662768628323409,1.421240857784392,0.011115203871081579
ie0203_m3flylrg,ie0203,3,1.0,10.0,10.0,29851.30410543571,0.12622978964667084,1.830845689664162,0.0007642731809451389
ie0204_uygj7c09,ie0204,1,1.0,10.0,100.0,8991.119566852123,0.07331193350852593,0.6622197636784314,0
ie0205_3ncuo351,ie0205,2,1.0,10.0,100.0,17291.352861598458,0.07561851205995423,1.549591409681524,0.014516449292980054
ie0206_9pftochr,ie0206,3,1.0,10.0,100.0,14136.798594405263,0.0795094652692217,1.6999429315094035,0
ie0207_4jb62yqj,ie0207,1,1.0,100.0,0.01,10484.352874374574,0.09595353057257364,1.0835003935272645,0
ie0208_ea2ve9d2,ie0208,2,1.0,100.0,0.01,17401.26151950996,0.13606101461814263,1.6488672336969878,0.0012670364976411768
ie0209_lnanvb3g,ie0209,3,1.0,100.0,0.01,17106.316744498356,0.08784288709307514,1.4393369704884167,0.011188991288478915
ie0210_fdv6uj8c,ie0210,1,1.0,100.0,0.1,18772.88803229604,0.0792394697152362,1.450089766093447,0
ie0211_lzg3slyl,ie0211,2,1.0,100.0,0.1,17819.77649152811,0.13173728471514012,1.6699186641352943,0.004382939456755469
ie0212_iibs79bj,ie0212,3,1.0,100.0,0.1,13608.556212364663,0.08102377312778022,1.0470253632931583,0
ie0213_ni84lmn7,ie0213,1,1.0,100.0,1.0,16207.389146653935,0.08108617141947408,1.1702419396655768,0
ie0214_zqoo9dr0,ie0214,2,1.0,100.0,1.0,18474.85657018099,0.13523553929634255,1.5577367282827843,0.02774626514912023
ie0215_057dl3qw,ie0215,3,1.0,100.0,1.0,15080.612698944988,0.08554492128837801,1.1722910753621743,0
ie0216_2tzs0ulb,ie0216,1,1.0,100.0,10.0,13304.142016961414,0.0715594019081601,1.4837298415126063,0
ie0217_4gcxd26j,ie0217,2,1.0,100.0,10.0,16084.481057249684,0.07957012982830813,1.4002025099376962,0.011065513883914371
ie0218_l33ryzhx,ie0218,3,1.0,100.0,10.0,16078.977708335113,0.09102082821783074,1.0007582870565037,0
ie0219_ikl3t8uc,ie0219,1,1.0,100.0,100.0,15649.37049023041,0.06751383363882016,1.2794400345272472,0
ie0220_rjo2uooe,ie0220,2,1.0,100.0,100.0,18462.566796622,0.13485703165564927,1.5677085477299655,0.030701992503581507
ie0221_wszpx06w,ie0221,3,1.0,100.0,100.0,16067.843028808193,0.1305321850327336,1.455556400058795,0
ie0222_d5jv5cj6,ie0222,1,10.0,0.01,0.01,14697.743758219542,0.07104155587838418,1.4037795737706356,7.041739994543864e-07
ie0223_u0drw7s9,ie0223,2,10.0,0.01,0.01,18805.467852454945,0.08773984298649738,1.741272736995127,0.01449022765311779
ie0224_o6ygslsx,ie0224,3,10.0,0.01,0.01,18052.564392536842,0.10867411467973655,1.6895438606240527,4.182506553431978e-05
ie0225_678huwv0,ie0225,1,10.0,0.01,0.1,12848.510951911729,0.05242701430596145,1.4268714121070292,0
ie0226_6xx8afjp,ie0226,2,10.0,0.01,0.1,19095.12665366476,0.08035672732469264,1.5301072667502966,0.015738822111823505
ie0227_gkhjyexb,ie0227,3,10.0,0.01,0.1,16948.74770834614,0.09191103521612148,1.4287463710114297,0.011008313204197682
ie0228_3vc7rd6a,ie0228,1,10.0,0.01,1.0,11947.15166504884,0.06186715105139116,1.2028131580256973,0
ie0229_unk1vc0p,ie0229,2,10.0,0.01,1.0,16638.26357708741,0.08795177399538251,1.5190370210422182,0.013520532865719732
ie0230_fxkr29lk,ie0230,3,10.0,0.01,1.0,17033.21330080217,0.08266993880003703,1.4351077743349434,0.011030774846333583
ie0231_ewzz99xy,ie0231,1,10.0,0.01,10.0,16487.843224854874,0.0454284374966491,1.5404282310263357,0
ie0232_jnod56gb,ie0232,2,10.0,0.01,10.0,18320.644020326297,0.09172493938698772,1.6318973346706578,0.017249572632288487
ie0233_hll86nb5,ie0233,3,10.0,0.01,10.0,18528.175211694215,0.11709536430054035,1.6536733446920944,0.0
ie0234_4dm9be1b,ie0234,1,10.0,0.01,100.0,15106.18768826639,0.0724647297917583,0.9916633811401601,0
ie0235_2zl8dfri,ie0235,2,10.0,0.01,100.0,16247.126029417725,0.07913662237711515,1.5911000730878393,5.995404130144945e-05
ie0236_00zg2zru,ie0236,3,10.0,0.01,100.0,18079.348138524998,0.11586927522233112,1.5737301418571858,0.0
ie0237_g1l1oqou,ie0237,1,10.0,0.1,0.01,11392.420325518266,0.0458136177493488,0.832864800422033,0
ie0238_fm2n236h,ie0238,2,10.0,0.1,0.01,16002.979971001801,0.07081600491046845,1.4546775521230544,0.0
ie0239_g99xw1hk,ie0239,3,10.0,0.1,0.01,17735.997575442227,0.09020770947197118,1.5893864078730862,0.011122064444005715
ie0240_pl25rwhl,ie0240,1,10.0,0.1,0.1,9973.604637994249,0.04925099928083571,1.0314998217461135,0
ie0241_bphj6if8,ie0241,2,10.0,0.1,0.1,16313.71103480031,0.08066834897613404,1.4250330783509837,0.011296403318659946
ie0242_0078n28a,ie0242,3,10.0,0.1,0.1,17851.603950973687,0.08519339615348673,1.511773754159361,0.011077434466214606
ie0243_tjhg8cy9,ie0243,1,10.0,0.1,1.0,13192.036978302418,0.04650422389896969,1.1395466235173863,0
ie0244_gutovun4,ie0244,2,10.0,0.1,1.0,17010.34454818185,0.07597433387478203,1.484472947056695,0.011176359233672679
ie0245_9czd0432,ie0245,3,10.0,0.1,1.0,15736.801795204052,0.11390146658860176,1.4979712701546655,3.0222681936245543e-05
ie0246_ghq9pcio,ie0246,1,10.0,0.1,10.0,17972.469765431186,0.06776288560260307,1.5724727201404973,0
ie0247_h1iyavrn,ie0247,2,10.0,0.1,10.0,19509.14493951713,0.08997087560432561,1.5689700501425128,0.018534532650349232
ie0248_t11nayum,ie0248,3,10.0,0.1,10.0,16583.188659740925,0.1113445842624892,1.5377906612068335,0.001168571551648157
ie0249_asixjr78,ie0249,1,10.0,0.1,100.0,10498.120356842765,0.07389354574996107,1.3125856063610368,0
ie0250_x9l4ofs5,ie0250,2,10.0,0.1,100.0,17602.117128198523,0.07138972265913927,1.571557827072178,0.0
ie0251_ejvaa0ay,ie0251,3,10.0,0.1,100.0,15831.401186931857,0.08395203408396638,1.420723220215012,0.01107037738409027
ie0252_qbw89ui6,ie0252,1,10.0,1.0,0.01,12964.729827605213,0.0411363277630299,1.2012598523682871,0
ie0253_ixbi4sur,ie0253,2,10.0,1.0,0.01,18084.168305618856,0.08103657413381768,1.4472478902191552,0.011326278573391748
ie0254_kftqy32l,ie0254,3,10.0,1.0,0.01,16291.981769141683,0.07731264166745878,1.4172215191721858,0.011122734958234322
ie0255_xqdzh3nr,ie0255,1,10.0,1.0,0.1,20505.91335929345,0.10095895831108812,1.7076514341530966,0
ie0256_nvi4hw0f,ie0256,2,10.0,1.0,0.1,18641.7193984611,0.0818833967508348,1.691666065918132,0.01390700939243908
ie0257_xavcarhj,ie0257,3,10.0,1.0,0.1,17210.97953727194,0.11928474264699268,1.4902488665134606,0.0
ie0258_h56yajwd,ie0258,1,10.0,1.0,1.0,11878.521313438483,0.05761891363833325,1.033707246729903,0
ie0259_x7cdpxo5,ie0259,2,10.0,1.0,1.0,15776.334611777853,0.07921828063274028,1.3982787449501641,0.01105314001689744
ie0260_d5ocy55k,ie0260,3,10.0,1.0,1.0,17426.589667288863,0.11182149360369828,1.5964783415927282,0.0
ie0261_hc21wjnz,ie0261,1,10.0,1.0,10.0,16037.199531094771,0.0957555639467675,1.2278625311649987,0
ie0262_jptrfw8f,ie0262,2,10.0,1.0,10.0,18954.91413538078,0.08271026638750711,1.6740775385661095,0.02263742497914746
ie0263_oyyqzjrv,ie0263,3,10.0,1.0,10.0,16262.190410369523,0.07831821581006085,1.2895080245489883,0.010920936803627324
ie0264_xg2hkrn9,ie0264,1,10.0,1.0,100.0,16149.73329673935,0.08021392528434299,1.351327967107633,0
ie0265_eetawpj3,ie0265,2,10.0,1.0,100.0,15906.202444815477,0.07537988096637466,1.5169905740791048,0.0
ie0266_h3qrd62k,ie0266,3,10.0,1.0,100.0,16502.979388149164,0.08058213366970231,1.4610717591068403,0.011037848669094743
ie0267_9li0ecj1,ie0267,1,10.0,10.0,0.01,18406.898299624816,0.08095540594034167,1.696584027941281,0
ie0268_tuasacrz,ie0268,2,10.0,10.0,0.01,17935.77788793626,0.10273624897711608,1.6496044096705718,0.0
ie0269_br62e2z6,ie0269,3,10.0,10.0,0.01,17876.959136207774,0.08567562660744565,1.4439719610192228,0.01115710458105764
ie0270_zz0facbq,ie0270,1,10.0,10.0,0.1,19702.19710062827,0.09407471229152142,1.417315220457335,0
ie0271_gxuzn4ds,ie0271,2,10.0,10.0,0.1,17701.061550185936,0.09173915896965705,1.7121968930045197,0.004078080728278523
ie0272_ikjcnjhe,ie0272,3,10.0,10.0,0.1,17601.92701721176,0.12521463590220386,1.5636014821141153,0.0001359762451984939
ie0273_lppeehwt,ie0273,1,10.0,10.0,1.0,10706.507753954273,0.08657283720653416,1.0134811814299072,0
ie0274_3u7bj31r,ie0274,2,10.0,10.0,1.0,17906.98232161253,0.08862091826970979,1.7123242747460372,0.00020519829665498332
ie0275_4tgd7laj,ie0275,3,10.0,10.0,1.0,17752.629952595064,0.08304158880255913,1.3949458938934205,0.011066227926267878
ie0276_st1vm6jl,ie0276,1,10.0,10.0,10.0,11958.789912234595,0.0947847386015719,0.8371771737833914,0
ie0277_1u9777gc,ie0277,2,10.0,10.0,10.0,21885.978759225494,0.08882386876361528,1.7630679730804708,0.004651880558007637
ie0278_i5pupvs7,ie0278,3,10.0,10.0,10.0,17439.84297807712,0.13091352345032065,1.5595827392756305,5.053920267406091e-06
ie0279_j2tnuxfm,ie0279,1,10.0,10.0,100.0,17316.3463295857,0.07026658182131333,1.1213425433457649,0
ie0280_zcvu84g9,ie0280,2,10.0,10.0,100.0,18504.339472267693,0.09463210652690861,1.7254874121003705,0.00960542637502569
ie0281_sqy8dx9p,ie0281,3,10.0,10.0,100.0,16754.141803622886,0.08627965905319535,1.392849039553314,0.011257397824935376
ie0282_i5zb707a,ie0282,1,10.0,100.0,0.01,13276.549545056163,0.111088423123276,1.5552792837591962,0
ie0283_284uoem9,ie0283,2,10.0,100.0,0.01,17638.14909522924,0.0842058146653893,1.4583989680466434,0.011124510116860333
ie0284_2y8mraz8,ie0284,3,10.0,100.0,0.01,17321.786908450365,0.08205268947654629,1.501539685383662,0.011067845917038226
ie0285_demlh6ps,ie0285,1,10.0,100.0,0.1,14183.681269813478,0.07271391052171321,1.1514687226569755,0
ie0286_tyvb08ri,ie0286,2,10.0,100.0,0.1,17584.924636538686,0.13214598689056622,1.641409822154316,0.0
ie0287_z3ykwgct,ie0287,3,10.0,100.0,0.1,17427.681832445727,0.12807305696254856,1.6090695990987562,0.0002571902278173391
ie0288_knh52skt,ie0288,1,10.0,100.0,1.0,17392.668047843963,0.09185796775543273,0.9818260618449873,0
ie0289_j6066w63,ie0289,2,10.0,100.0,1.0,19530.453360544074,0.13329620796721134,1.699801101618648,0.00018266312646269953
ie0290_3dtbfuzk,ie0290,3,10.0,100.0,1.0,18292.94888645873,0.1251466510252596,1.6099219011821972,0.00019863607088986567
ie0291_eg1u2ukv,ie0291,1,10.0,100.0,10.0,14330.891458962451,0.07163369362845202,1.1795762081817052,0
ie0292_79qib3vz,ie0292,2,10.0,100.0,10.0,18987.674639731056,0.10218033043323982,1.6089807237164124,0.019149595455852306
ie0293_e3uswe6z,ie0293,3,10.0,100.0,10.0,17689.951828340407,0.07812003560025954,1.5416307111827434,0.011269396874826271
ie0294_588p4zu1,ie0294,1,10.0,100.0,100.0,9118.830051033638,0.09757658567656746,0.8107436998972691,0
ie0295_yoqq5fwb,ie0295,2,10.0,100.0,100.0,16684.19991875439,0.07672956547028162,1.4485268226895935,0.011005812686752233
ie0296_urr4vwxj,ie0296,3,10.0,100.0,100.0,27840.482551459572,0.130077428547469,1.8235394593051277,0.0001940944366732135
ie0297_i8w9s2lc,ie0297,1,100.0,0.01,0.01,7058.822531026274,0.03204883378138977,0.9520660885962992,0
ie0298_900cu2o6,ie0298,2,100.0,0.01,0.01,19463.596035160834,0.11654422268490328,1.662378827458309,0.0004014359923873212
ie0299_2n13f47m,ie0299,3,100.0,0.01,0.01,21186.59939014218,0.13303696598352854,1.7502009209890987,2.123246418065106e-05
ie0300_x8ijnc1s,ie0300,1,100.0,0.01,0.1,14335.132504758129,0.04114018479135636,1.0074671256090668,0
ie0301_v0ya2f4o,ie0301,2,100.0,0.01,0.1,18391.398918829414,0.10913826306481546,1.6254444183144376,0.014140465794831344
ie0302_7h2ffr3l,ie0302,3,100.0,0.01,0.1,17195.749816952415,0.08524407170809434,1.4527900251698533,0.010932979344874427
ie0303_0lrc7b83,ie0303,1,100.0,0.01,1.0,12935.25339120056,0.037356140055373785,1.1471729628395497,0
ie0304_fnwsyshh,ie0304,2,100.0,0.01,1.0,23935.739151430367,0.11986467386628019,1.8506636110903778,0.0022733301180275782
ie0305_13vbeug6,ie0305,3,100.0,0.01,1.0,17920.127245891024,0.07802425579219274,1.517927613091669,0.011226365238502532
ie0306_h9pzcwlb,ie0306,1,100.0,0.01,10.0,10343.89630967772,0.058654951124940846,1.3884088437625142,0
ie0307_cnz7kjab,ie0307,2,100.0,0.01,10.0,16971.81803958933,0.1100138959276376,1.6363191273746402,0.012153116807154361
ie0308_08aayam5,ie0308,3,100.0,0.01,10.0,18439.315855860983,0.12918885655937967,1.7428833687447052,1.414647947171934e-05
ie0309_abqpr3ql,ie0309,1,100.0,0.01,100.0,7940.230263974074,0.03681878973095705,0.8035556860413797,0
ie0310_lrvnq0nk,ie0310,2,100.0,0.01,100.0,16816.926721402662,0.11892271371157129,1.5523455871147265,0.0023709657894593395
ie0311_spxf670w,ie0311,3,100.0,0.01,100.0,20011.989826849087,0.12043605860033017,1.6917456618803257,0.0002570411224235869
ie0312_jvrhy0oc,ie0312,1,100.0,0.1,0.01,7871.133888906239,0.061204487361659995,0.9769616664983605,0
ie0313_lcvzr12m,ie0313,2,100.0,0.1,0.01,19063.23803934808,0.12096593546221075,1.6568940945228956,0.0
ie0314_tkaxzadu,ie0314,3,100.0,0.1,0.01,15808.860567715867,0.08328268036018942,1.3996972991665102,0.010905377955846837
ie0315_kgza1lyh,ie0315,1,100.0,0.1,0.1,12523.368376772742,0.0562661602528849,1.3485352683859302,0
ie0316_ru6h5ron,ie0316,2,100.0,0.1,0.1,16697.960549969903,0.12673776712411436,1.573062756430771,0.0
ie0317_qmd7dj1h,ie0317,3,100.0,0.1,0.1,17032.892265096736,0.0884220455279493,1.4608113059109264,0.011139137425331451
ie0318_vx1nnjln,ie0318,1,100.0,0.1,1.0,11196.459939592523,0.05892835254625602,0.9647746404989803,0
ie0319_m3gxl0xj,ie0319,2,100.0,0.1,1.0,16714.57516761373,0.09135678229500496,1.4274263677904142,0.011029365052587566
ie0320_92iehlra,ie0320,3,100.0,0.1,1.0,18263.533932477883,0.13285463614771795,1.7337570570126581,0.0
ie0321_ib9258db,ie0321,1,100.0,0.1,10.0,11634.660912231699,0.04375371939596851,1.2043438185865198,0
ie0322_7qwjdmni,ie0322,2,100.0,0.1,10.0,23383.76725910729,0.12201751884796816,1.8483717805812783,0.0
ie0323_93hmfgji,ie0323,3,100.0,0.1,10.0,16402.369116836897,0.12378295555236671,1.5006771043939198,1.5573432952059066e-05
ie0324_p1yvd00i,ie0324,1,100.0,0.1,100.0,12146.920363650072,0.03659335298003187,0.8740345074407994,0
ie0325_x3tyojhs,ie0325,2,100.0,0.1,100.0,17667.02660218603,0.08652348389355502,1.4527968563977545,0.011213965049064039
ie0326_f3377vw6,ie0326,3,100.0,0.1,100.0,17837.581225751674,0.1258335563739644,1.660294921397828,0.00026638956445138604
ie0327_at55vig8,ie0327,1,100.0,1.0,0.01,26126.609812775052,0.08963914601694221,1.9316751539470431,0
ie0328_44oxo8lq,ie0328,2,100.0,1.0,0.01,17891.646319084757,0.104005170277433,1.696843548793845,0.002489655914922761
ie0329_tgusp2so,ie0329,3,100.0,1.0,0.01,19669.509484259688,0.1241323813758152,1.6562749108589079,2.48552006816156e-08
ie0330_qf6ed6kk,ie0330,1,100.0,1.0,0.1,11600.959060488047,0.060312356344626374,0.7390885224902415,0
ie0331_1yybi3y7,ie0331,2,100.0,1.0,0.1,17647.021539048685,0.08832934187953388,1.45252527448547,0.01109790896439517
ie0332_q9yv6eec,ie0332,3,100.0,1.0,0.1,17944.095403030333,0.13929244670464963,1.7576180693283003,0.0
ie0333_b9dtx7zb,ie0333,1,100.0,1.0,1.0,17240.951986760665,0.04859563558690595,1.2272417992512537,0
ie0334_dzs1e0sf,ie0334,2,100.0,1.0,1.0,17207.725946923634,0.08096385824739771,1.305508933787824,0.011054548499401913
ie0335_isu5g8aa,ie0335,3,100.0,1.0,1.0,17030.624911104445,0.12686482525269172,1.63506322781029,9.934184404357186e-08
ie0336_y32rc1k4,ie0336,1,100.0,1.0,10.0,14725.548812084578,0.07368511249655088,1.6030558125155738,0
ie0337_mrlpw9s2,ie0337,2,100.0,1.0,10.0,17937.155365488165,0.09821213004482718,1.6903459884531398,0.016190428224769814
ie0338_sihvwyy9,ie0338,3,100.0,1.0,10.0,16874.03580283666,0.08048217754695612,1.467208689369294,0.011167920643270716
ie0339_lfr66soq,ie0339,1,100.0,1.0,100.0,15586.42049297535,0.08990070770916336,1.4828769649703684,0
ie0340_q3v2pkg9,ie0340,2,100.0,1.0,100.0,17823.452854235802,0.11568993800918673,1.6444956888023219,0.010636307482901605
ie0341_gu7injrt,ie0341,3,100.0,1.0,100.0,18752.936381671876,0.11930804441586937,1.657649275631214,3.425010033890392e-08
ie0342_nb0hdd22,ie0342,1,100.0,10.0,0.01,19806.283860051695,0.0538511383318757,1.7809058758399037,0
ie0343_d1o9ue12,ie0343,2,100.0,10.0,0.01,16505.516348112127,0.12122807494602092,1.6409046524153212,0.005483185890726213
ie0344_c5y3dr7e,ie0344,3,100.0,10.0,0.01,18070.85542782207,0.08570495716666444,1.4641160118158623,0.011134403726976739
ie0345_n8edyrcy,ie0345,1,100.0,10.0,0.1,19713.87442504152,0.12478093170232489,1.5144870551223872,0
ie0346_gyzauue3,ie0346,2,100.0,10.0,0.1,16975.095718928602,0.11629995977657785,1.6275554624546866,0.0012054548400895653
ie0347_wxn7ht6i,ie0347,3,100.0,10.0,0.1,17142.004091044735,0.0823346915344292,1.348616467524327,0.011149488111880487
ie0348_b2yk7lsq,ie0348,1,100.0,10.0,1.0,13451.749989833304,0.07231647057175469,1.0039680220742795,0
ie0349_yv0skp59,ie0349,2,100.0,10.0,1.0,19831.643070242797,0.1021176730792439,1.832080350987302,0.01022346425997542
ie0350_muizzgaf,ie0350,3,100.0,10.0,1.0,16284.695380256937,0.08700365673993196,1.4079804682615493,0.011043340871606846
ie0351_jej2hr6o,ie0351,1,100.0,10.0,10.0,15975.342960053624,0.07210686596819585,1.1094420415260289,0
ie0352_j5zx85ln,ie0352,2,100.0,10.0,10.0,17642.3795264671,0.11671224125185205,1.490005924349508,0.016327681787505363
ie0353_in46sixm,ie0353,3,100.0,10.0,10.0,17288.631201327444,0.12052754427667159,1.6475191887238774,1.0850097117522753e-05
ie0354_6py0945j,ie0354,1,100.0,10.0,100.0,14789.880460212933,0.06695036825190448,0.8228084563572542,0
ie0355_ji1upvo1,ie0355,2,100.0,10.0,100.0,18464.760092402073,0.10749867967180146,1.686697932047218,0.015355372079600478
ie0356_ri3efjxr,ie0356,3,100.0,10.0,100.0,17461.68719978392,0.08615490129484206,1.5199713845871972,0.011102933698457341
ie0357_85it55zp,ie0357,1,100.0,100.0,0.01,10909.13681015248,0.08743227593030622,1.1583612972001676,0
ie0358_jyp5byaj,ie0358,2,100.0,100.0,0.01,17329.581552714095,0.08616446100364061,1.4298863839825882,0.011031195360237054
ie0359_cfffs1sy,ie0359,3,100.0,100.0,0.01,16414.088557344854,0.1249782225878566,1.4538005219896508,0.0006636028496907977
ie0360_qo8yexhu,ie0360,1,100.0,100.0,0.1,11358.368127967415,0.06573846953869127,0.8996240251043366,0
ie0361_ttbk51e8,ie0361,2,100.0,100.0,0.1,17487.997690557997,0.09162420660920309,1.3955200304688653,0.010960588788665378
ie0362_w51na8nv,ie0362,3,100.0,100.0,0.1,16541.528279636575,0.08572796494658212,1.505972577550796,0.011133998308815184
ie0363_j40e7928,ie0363,1,100.0,100.0,1.0,16437.165569686837,0.06100944871216516,1.4957006765843817,0
ie0364_m201ngsh,ie0364,2,100.0,100.0,1.0,17850.038869039647,0.08017319190470218,1.4738177979830387,0.011173863021455038
ie0365_7660zdgd,ie0365,3,100.0,100.0,1.0,16396.36303087447,0.13197671354656718,1.594629535420507,1.6724176765136533e-07
ie0366_9n8gkgbe,ie0366,1,100.0,100.0,10.0,16550.318164322016,0.07233828498022778,1.4880995468449831,0
ie0367_sy9mu96o,ie0367,2,100.0,100.0,10.0,18635.741322839654,0.1286071039582124,1.7465809873640223,0.008320392739201484
ie0368_gyzj7tki,ie0368,3,100.0,100.0,10.0,17699.620007975594,0.07854254951295213,1.5626606049842442,0.011054992217027331
ie0369_gd2vqr9j,ie0369,1,100.0,100.0,100.0,14784.214304637117,0.0888525853222897,1.6857579400658893,0
ie0370_q427jecr,ie0370,2,100.0,100.0,100.0,21036.542619250205,0.14411181495157135,1.8540875195881195,0.0
ie0371_lpccac8n,ie0371,3,100.0,100.0,100.0,16618.350940211334,0.0787797136785324,1.4538537858156204,0.011169850124462217
